resultString,participantGuid,participantGroup
"['TF,0,1493756240.20148','TB,0,1493756243.79677','TPC,0,1493756246.23097','TBP,0,1493756248.83177','TF,0,1493756250.78362','P,3888,1493756479.62077','C,3888,1493756481.05273','P,438,1493756506.93812','C,4338,1493756507.85492','P,11303,1493756921.19237','C,11303,1493756922.79377']",91ED2E05-7A39-4249-8504-0DDB64E5E27F,2
"['TF,0,1493758220.0789','TB,0,1493758223.09361','TPC,0,1493758225.79353','TF,0,1493758230.72728']",1545C5D3-9B86-4188-8F2C-1B209279FA7C,2
"['TB,0,1493763640.34844','TF,0,1493763642.54695','TFP,0,1493763645.48263','TBP,0,1493763647.83232','TPC,0,1493763650.74879','TPC,0,1493763652.41555','TB,0,1493763655.29805','TF,0,193763657.3164','TB,0,1493763659.36756','TBP,0,1493763662.21745','TFP,0,1493763665.46797','TF,0,1493763667.75009','TB,0,1493763670.25032','BP,490,1493763702.05608','BG,0,1493763720.09788','FG,0,1493763721.7394','BG,0,1493764189.96533','FG,0,1493764195.84137','BP,8393,1493764214.36693','BG,0,1493764395.8786','FG,0,1493764400.636','P,10582,1493764403.49135','C,1582,1493764404.22572','BG,0,1493764408.24722','FG,0,1493764419.31522']",28A43BA0-1AAE-4CAC-A584-49CFDAD6C452,1
"['TB,0,1493763640.34844','TF,0,1493763642.54695','TFP,0,1493763645.48263','TBP,0,1493763647.83232','TPC,0,1493763650.74879','TPC,0,1493763652.41555','TB,0,1493763655.29805','TF,0,193763657.3164','TB,0,1493763659.36756','TBP,0,1493763662.21745','TFP,0,1493763665.46797','TF,0,1493763667.75009','TB,0,1493763670.25032','BP,490,1493763702.05608','BG,0,1493763720.09788','FG,0,1493763721.7394','BG,0,1493764189.96533','FG,0,1493764195.84137','BP,8393,1493764214.36693','BG,0,1493764395.8786','FG,0,1493764400.636','P,10582,1493764403.49135','C,1582,1493764404.22572','BG,0,1493764408.24722','FG,0,1493764419.31522']",28A43BA0-1AAE-4CAC-A584-49CFDAD6C452,1
"['TB,0,1493765551.31793','TF,0,1493765554.19742','TPC,0,1493765556.80011','TFP,0,1493765558.61449','TBP,0,1493765561.26465','P,58,1493765567.29885','C,58,1493765569.05053','B,2292,493765699.92633','P,9658,1493766143.20083','C,9658,1493766180.43588','B,9700,1493766183.15048']",0E4398F9-4BB7-4852-95F0-60921C55DAE9,4
"['TPC,0,1493768338.71407','TB,0,1493768341.36209','TF,0,1493768343.26192','TFP,0,1493768346.08056','TBP,0,1493768350.74701','FP,7488,1493768791.76026','FP,7517,1493768793.36017','F,8357,1493768794.31017','FP,9041,1493768794.94318','FP,9089,1493768795.44313','FP,9491,1493768795.87901','FP,10536,1493768796.29329','FP,11255,1493768796.62678','FP,12023,1493768796.94372',&uot;FP,12616,1493768797.29233','FP,13229,1493768797.62453','FP,14136,1493768797.99116','FP,14323,1493768798.32714','FP,14711,1493768798.64161','FP,14722,1493768799.39878']",1C5875D6-4C66-46E1-BF13-734821BE9A35,2
"['BG,0,1493770439.66666','FG,0,1493770542.78986','TB,0,1493770806.5314','TF,0,1493770808.6813','TPC,0,1493770812.7647','TBP,0,1493770815.96734','TFP,0,1493770818.85021','BG,0,149371072.84557','FG,0,1493771076.84524','F,4344,1493771090.1276','BG,0,1493771151.94452','FG,0,1493771155.97801','FP,5467,1493771157.03083','F,5623,1493771157.56261','FP,5642,1493771158.5644','FP,5666,1493771159.31445','FP,6033,1493771160.71541','FP,6554,1493771162.11444','FP,6914,1493771162.74791','FP,7504,1493771163.38174','FP,8354,1493771164.04807','P,8354,1493771164.1451','FP,8354,1493771167.1817','FP,9448,1493771186.83302','FP,9522,1493771188.83303','FP,10543,1493771189.71688','FP,11263,1493771190.58341','FP,12032,1493771191.36711','FP,12624,149377192.11795','FP,13238,1493771192.91681','FP,14143,1493771193.70011','FP,14348,1493771195.46751','FP,14820,1493771202.40064','FP,14820,1493771203.48449','FP,14820,1493771204.45064']",BE4CA75D-6FDD-44AC-B10D-EDD36CF404F8,1
"['TB,0,1493771973.25491','TF,0,1493771975.39646','TPC,0,1493771977.91531','TFP,0,1493771986.83583','TBP,0,1493771989.2036','TFP,0,1493771992.18834','TBP,0,1493771994.97322','P,732,493772039.64652','C,732,1493772103.23975','P,1354,1493772138.60138','C,1354,1493772190.57639','P,3685,1493772328.38107','C,3685,1493772368.06659','P,7893,1493772615.39135','P,7912,149372616.37517','C,7912,1493772636.43602','P,9955,1493772760.01357','C,9955,1493772774.63813']",FC785280-CFFB-4661-AD9B-F1F26042C176,1
,3317CE91-9EA4-4153-B137-130475CCDA60,3
"['TB,0,1493825653.09593','TF,0,1493825655.70944','TPC,0,1493825657.79404','TBP,0,1493825661.36134','TPC,0,1493825663.5941','P,146,1493825674.74616','C,146,1493825677.77833','P,146,493825677.96441','B,146,1493825679.02864','P,14270,1493826516.29914','C,14270,1493826583.22096']",E7F2761B-C45B-47C1-AC52-C778B0DAE3BE,1
"['TPC,0,1493851213.65934','TPC,0,1493851215.19077','TBP,0,1493851217.17437','TFP,0,1493851219.69232','TB,0,1493851222.40996','TB,0,1493851224.79449','TF,0,1493851227.21343']",84F7D5DD-AD1A-43EC-A4CA-17CEA95DB508,4
"['TPC,0,1493851768.15844','TPC,0,1493851770.53215','TF,0,1493851772.90592','TB,0,1493851775.1492','TFP,0,1493851777.16223','TBP,0,1493851780.62945','BP,9738,1493852354.68344','BP,910,1493852356.10037','BP,11239,1493852480.74492','BP,10554,1493852482.11141']",3DD16C50-2D52-465F-B441-E6BCCE9DB638,4
"['BG,0,1493852070.26688','FG,0,1493853167.53124','FP,154,1493853611.69835','FP,453,1493853613.68173','FP,694,1493853614.34759','FP,1089,1493853614.84754','FP,1439,1493853615.24778',&quo;FP,1496,1493853615.69808','FP,1925,1493853616.09601','FP,2564,1493853616.548','FP,3450,1493853616.93155','FP,3950,1493853617.31323','F,4469,1493853617.73603','FP,4688,1493853618.18215',&quo;FP,4793,1493853618.61342','FP,5623,1493853619.06617','FP,5659,1493853619.5326','FP,6015,1493853620.01685','FP,6539,1493853620.53068','FP,6914,1493853621.03094','FP,7504,1493853621.51433',&qot;FP,8345,1493853621.96285','FP,9041,1493853622.43056','FP,9089,1493853622.91487','FP,9491,1493853623.41424','FP,10536,1493853623.86235','FP,11259,1493853624.36422','FP,12023,1493853624.81467&qut;,'FP,12620,1493853625.29763','FP,13229,1493853625.80243','FP,14136,1493853626.26504','FP,14327,1493853626.80257','FP,14714,1493853627.2979','FP,14714,1493853627.8043','F,14790,1493853632.5437','F,14820,1493853633.54716','P,14915,1493853633.76346','F,14915,1493853634.51445','F,15023,1493853635.25996','P,15023,1493853635.33632','F,15023,1493853635.99728','F,15202,149385363.6474','F,15329,1493853637.31497','F,15403,1493853638.44891']",0D89E41D-A788-4F1A-8FB6-A5CCBC1FA868,4
"['TB,0,1493853796.7151','TF,0,1493853798.74667','TF,0,1493853801.16393','TPC,0,1493853804.36348','TFP,0,1493853807.19914','TBP,0,1493853809.36879','BG,0,1493853987.70346','FG,0,149854092.41201','B,2803,1493854101.97361','BG,0,1493854162.9498','FG,0,1493854167.69549','F,3632,1493854170.8695','BG,0,1493854264.33533','FG,0,1493854268.01614','F,5296,1493854274.4867&qot;]",B0447EDF-6A87-4710-BADE-8DEF4E9CB0E6,2
,5263E1B2-1F8A-4ED8-AF78-C18E301F23EE,4
,5263E1B2-1F8A-4ED8-AF78-C18E301F23EE,4
,5263E1B2-1F8A-4ED8-AF78-C18E301F23EE,4
"['TFP,0,1493861795.74264','TF,0,1493861798.2604','TB,0,1493861801.22732','FP,101,1493861809.81389','FP,472,1493861812.54738','FP,694,1493861813.04765','FP,1089,1493861813.49602','F,1439,1493861814.39842','FP,1496,1493861814.84789','FP,1925,1493861815.31492','FP,2577,1493861816.24769','FP,3450,1493861816.79785','FP,3956,1493861817.33154','FP,4469,1493861817.8817',&quotF,4469,1493861817.99582','FP,4901,1493861818.43225','FP,5623,1493861818.89937','FP,5655,1493861819.36558','FP,6015,1493861819.83128','FP,6539,1493861820.26806','FP,6914,1493861820.74686',&qut;FP,7504,1493861821.23162','F,7504,1493861821.29801','FP,8493,1493861821.70128','FP,8493,1493861821.74852','FP,9089,1493861822.14871','FP,9491,1493861822.5818','F,9491,1493861822.6959',&quo;FP,10730,1493861823.0269','FP,11263,1493861823.8155','FP,12023,1493861824.28216','FP,12620,1493861824.74888','FP,13229,1493861825.28302','FP,14150,1493861826.38566','FP,14330,1493861827.05465&qut;,'FP,14714,1493861827.71663','FP,14714,1493861828.39949','F,14923,1493861841.2334','F,15023,1493861842.19978']",D292784D-0463-413F-BA34-F94121FA453A,3
,0D41EF9F-23C6-4FFD-BC75-A17504C119AC,0
,829FAB90-DE50-4E97-981B-89363728497F,0
,829FAB90-DE50-4E97-981B-89363728497F,0
[],C2B035CF-98D4-4D74-AD70-4180B4EF1838,0
"['BG,0,1493864481.49906','FG,0,1493864505.59001','BG,0,1493864526.68176','FG,0,1493864527.27852','BG,0,1493865198.51082','FG,0,1493865221.29469','BG,0,1493865253.90881','FG,0,149385257.84336','P,2538,1493865374.15573','C,2538,1493865375.20649','BG,0,1493865451.7045','FG,0,1493865456.60195','BG,0,1493865799.73619','FG,0,1493865802.48702','BG,0,1493865921.56527&quo;,'FG,0,1493865923.13219']",05A3067E-8E02-413F-B43D-F2E5B546C75B,0
"['TB,0,1493864882.7463','TF,0,1493864885.3771','TBP,0,1493864888.26119','TFP,0,1493864890.41062','P,7178,1493865313.63198','C,7178,1493865374.71304','B,7304,1493865382.63286','B,727,1493865383.59901']",227A30FE-E2B3-48CD-9D79-700AFCD58485,3
"['TB,0,1493865087.42978','TF,0,1493865089.76101','TBP,0,1493865093.94655','TFP,0,1493865096.28087','TPC,0,1493865101.08412','BP,5124,1493865401.41827','BP,4820,1493865403.23557','B,0,1493865423.40976','FG,0,1493865429.99089','B,4850,1493865453.35974']",1B777A19-5377-4AD7-BF2D-2266BD5595EE,3
"['BG,0,1493862866.0292','FG,0,1493862991.36288','BG,0,1493863091.0046','FG,0,1493863120.30464','BG,0,1493863134.54282','FG,0,1493864074.29175','BG,0,1493864230.40549','FG,0,149386546.68507','BG,0,1493865836.87759','FG,0,1493866789.30188','BG,0,1493866988.6987','FG,0,1493867043.01225','B,1044,1493867051.20353','BG,0,1493867117.74962','FG,0,1493867121.66037',&uot;F,2061,1493867131.25853','BG,0,1493867613.74086','FG,0,1493867618.52176','F,10267,1493867622.29235','BG,0,1493867785.77356','FG,0,1493867789.92742','F,13216,1493867792.59765']",F04B766F-8D9B-482D-810B-9E17FCBA0C0B,4
"['BG,0,1493862866.0292','FG,0,1493862991.36288','BG,0,1493863091.0046','FG,0,1493863120.30464','BG,0,1493863134.54282','FG,0,1493864074.29175','BG,0,1493864230.40549','FG,0,149386546.68507','BG,0,1493865836.87759','FG,0,1493866789.30188','BG,0,1493866988.6987','FG,0,1493867043.01225','B,1044,1493867051.20353','BG,0,1493867117.74962','FG,0,1493867121.66037',&uot;F,2061,1493867131.25853','BG,0,1493867613.74086','FG,0,1493867618.52176','F,10267,1493867622.29235','BG,0,1493867785.77356','FG,0,1493867789.92742','F,13216,1493867792.59765']",F04B766F-8D9B-482D-810B-9E17FCBA0C0B,4
"['BG,0,1493867775.33382','FG,0,1493867813.12298','BG,0,1493868285.51082','FG,0,1493868306.58978','TB,0,1493868578.31764','P,58,1493868584.1348','C,58,1493868584.68403','B,77,149386585.4673','F,10,1493868586.05004','F,101,1493868591.11726','F,227,1493868591.73423','F,312,1493868592.38362','F,429,1493868592.98356','B,579,1493868594.71727','B,423,1493868595.15051&qut;,'B,312,1493868595.6185','B,220,1493868596.03427','B,27,1493868596.48255','P,867,1493868646.36841','C,867,1493868659.02422','P,905,1493868661.871','C,905,1493868668.42244','BG,0,493868729.49486','FG,0,1493868732.64918','F,2000,1493868738.45451','B,2061,1493868742.12357','B,1931,1493868742.82271','P,2453,1493868778.68949','C,2453,1493868780.02644','BG,0,149386883.45889','FG,0,1493868896.84134','B,4438,1493868908.57781','P,11159,1493869320.60277','C,11159,1493869321.36898','P,13724,1493869470.39467','C,13724,1493869509.33113','P,15231,149386960.58441','C,15231,1493869626.58678','P,15381,1493869636.38755','C,15381,1493869637.50425']",C81E72E0-1335-4100-A5E4-9A3E3DD17A03,2
[],7E5C0BD1-0771-49BA-B7F7-827FBAD8EB75,0
[],5BA168D1-F3C4-4826-B3AE-DFFD5F96F347,0
"['TB,0,1493870925.296','TB,0,1493870930.60975','TF,0,1493870933.07662','TPC,0,1493870937.41021','TB,0,1493870944.08067','TFP,0,1493870947.27958']",C8CC2674-C699-44DC-9E3D-B3097EDDB5D2,2
"['P,13468,1493921789.77833','C,13468,1493921792.57776']",1320031F-847C-4D67-9592-0264E0625A92,0
"['F,101,1493925961.27173','P,260,1493925963.72493','B,260,1493925965.77267','P,11380,1493926632.64752','P,11398,1493926633.58519','C,11398,1493926678.9037']",9B401520-66C3-49B0-8DB7-AC8FF801F384,4
"['BG,0,1493930853.62046','FG,0,1493930856.4668','TB,0,1493931180.95917','TF,0,1493931183.00956','TPC,0,1493931185.09165','TBP,0,1493931187.24478','TFP,0,1493931189.76184','TBP,0,143931191.94586','TPC,0,1493931194.14279','B,101,1493931202.96246','B,569,1493931235.76671','FP,1282,1493931284.04176','BP,1575,1493931292.50945','BP,1469,1493931294.82753','BG,0,149393142.3905','FG,0,1493931425.87129','F,3619,1493931439.63981','P,4523,1493931487.58083','C,4523,1493931488.09507','BG,0,1493931496.75313','FG,0,1493931497.53673','P,4684,1493931498.39543&qut;,'C,4684,1493931498.99665','FP,5467,1493931545.00547','FP,8209,1493931702.34433','P,9377,1493931766.3496','C,9377,1493931767.47204','P,10333,1493931824.33682','C,10333,1493931824.78388&quo;,'P,12632,1493931956.45118','C,12632,1493931957.38157','P,14488,1493932068.21474','C,14488,1493932068.64536']",687CB647-1B3F-4ECC-95C7-35829B390161,3
"['BG,0,1493933257.51676','FG,0,1493933257.92904','TB,0,1493933306.46642','TF,0,1493933308.81486','TBP,0,1493933311.66768','BG,0,1493933504.39051','FG,0,1493933515.27132','BG,0,149333518.89467','FG,0,1493933530.8714','FP,13917,1493934156.20302','FP,14155,1493934157.49139','FP,14330,1493934158.26164','FP,14714,1493934158.85307','FP,14714,1493934159.36942','FP,147141493934159.96918','FP,14722,1493934160.98699']",C96D62ED-FB49-4685-A5D6-A4F1E786D911,4
,480123DA-76A4-40EA-9AC6-2258278E2C99,0
,480123DA-76A4-40EA-9AC6-2258278E2C99,0
"['TF,0,1493944829.71351','TB,0,1493944833.14842','TPC,0,1493944836.39873','TBP,0,1493944839.26493','F,10083,1493945469.06808','F,13388,1493945698.44947']",4018BF45-3C91-4EDB-90FF-D933E251EECE,2
"['TB,0,1494006354.38402','TF,0,1494006356.98395','TPC,0,1494006360.4875','TBP,0,1494006363.0369','TFP,0,1494006365.17814','P,405,1494006391.9394','F,405,1494006392.72275','FP,449,194006394.17523','FP,694,1494006394.69171','FP,1089,1494006395.00803','FP,1439,1494006395.25852','FP,1492,1494006395.49008','FP,1925,1494006395.90878','FP,2564,1494006396.10626','FP,34501494006396.32287','FP,3950,1494006396.53923','FP,4465,1494006396.73922','FP,4793,1494006396.94007','FP,5623,1494006397.34136','FP,5655,1494006397.57492','FP,6011,1494006397.80623','FP,639,1494006398.05693','FP,6914,1494006398.30704','FP,7504,1494006398.54067','FP,8345,1494006398.79092','FP,9041,1494006399.04183','FP,9089,1494006399.27376','FP,9491,1494006399.48981','F,10536,1494006399.72318','FP,11255,1494006399.95717','FP,12023,1494006400.19004','FP,12616,1494006400.42354','FP,13226,1494006400.65664','FP,14136,1494006400.87357','FP,14319,1494006401.1067&quot,'FP,14705,1494006401.32346','FP,14705,1494006401.55678','FP,14714,1494006402.02566','FP,14711,1494006402.3258','FP,14711,1494006402.70898','FP,14711,1494006403.02636','F,14733,1494006404.5267','F,14846,1494006406.95805','F,14923,1494006408.17476','F,15023,1494006409.24138','F,15102,1494006410.34265','F,15211,1494006411.23947','FP,15333,1494006412.19141','FP,15333,149400643.30791','F,15333,1494006414.20894','F,15403,1494006415.44251','F,15471,1494006417.24257','F,15489,1494006417.97676','F,15493,1494006418.54308']",FC42ED5E-D7AB-498A-99C2-DCEC30DF88C5,4
"['TPC,0,1494015094.13376','TB,0,1494015095.66531','TF,0,1494015098.08314','TFP,0,1494015101.16868','FP,312,1494015121.69568','BP,446,1494015123.06286','BP,37,1494015123.84711']",328D89DF-CE88-460D-8943-6623855A2699,4
"['BG,0,1494021353.03729','FG,0,1494021356.76747','TB,0,1494022028.85229','TF,0,1494022030.88673','TPC,0,1494022033.90219','TBP,0,1494022036.12088','TFP,0,1494022039.17111','BG,0,144022085.73809','FG,0,1494022095.75476','BP,795,1494022103.8189','P,678,1494022117.80214','C,678,1494022118.35159','BG,0,1494022428.68426','FG,0,1494022432.52514','BG,0,1494022773.0352&qot;,'FG,0,1494022776.27433','B,11792,1494022790.18466','P,14923,1494022991.57391','C,14923,1494022992.3986']",FA8E6CBB-148A-4609-AFB5-9F96CBCF310C,1
"['P,118,1494022945.91231','C,118,1494022946.48682']",C60E4FDE-1917-4464-9AAF-C32FA7DD87BB,4
,83CCB0EC-239A-4366-AF65-A7BDF07A1BD2,2
"['BG,0,1494018406.17996','FG,0,1494026234.13678','TB,0,1494026819.19676','TF,0,1494026821.76289','TB,0,1494026823.89896','TBP,0,1494026826.89798','TFP,0,1494026828.9376','TPC,0,149026832.11491','BG,0,1494026983.86088','FG,0,1494026991.02249','BG,0,1494027100.23144','FG,0,1494027105.92714','BG,0,1494027168.58078','FG,0,1494027172.44157','B,5585,1494027185.57719&qut;,'P,7191,1494027322.90343','C,7191,1494027323.53402','BG,0,1494027494.91783','FG,0,1494027580.73818','F,10065,1494027586.88647']",A52955B9-2887-462B-8511-2C9B89832F82,1
"['BG,0,1494018406.17996','FG,0,1494026234.13678','TB,0,1494026819.19676','TF,0,1494026821.76289','TB,0,1494026823.89896','TBP,0,1494026826.89798','TFP,0,1494026828.9376','TPC,0,149026832.11491','BG,0,1494026983.86088','FG,0,1494026991.02249','BG,0,1494027100.23144','FG,0,1494027105.92714','BG,0,1494027168.58078','FG,0,1494027172.44157','B,5585,1494027185.57719&qut;,'P,7191,1494027322.90343','C,7191,1494027323.53402','BG,0,1494027494.91783','FG,0,1494027580.73818','F,10065,1494027586.88647']",A52955B9-2887-462B-8511-2C9B89832F82,1
"['TB,0,1494035980.47549','TF,0,1494035982.37286','TPC,0,1494035984.82602','TBP,0,1494035986.55744','TF,0,1494035988.52507','TBP,0,1494035991.55849','TF,0,1494035993.72453','TB,0,144035996.37491','TFP,0,1494035999.47576']",F3C8412F-F29E-452F-B1C4-4327A33ADFB4,1
,34B1A1FE-96EC-4E6E-A36B-16FB87141FBA,3
,34B1A1FE-96EC-4E6E-A36B-16FB87141FBA,3
,34B1A1FE-96EC-4E6E-A36B-16FB87141FBA,3
,A36B261D-F88F-4EFC-8A2F-E5C7DAB1845F,4
,A36B261D-F88F-4EFC-8A2F-E5C7DAB1845F,4
,A36B261D-F88F-4EFC-8A2F-E5C7DAB1845F,4
"['TF,0,1494202378.61548','TF,0,1494202381.23241','TF,0,1494202384.33252','TF,0,1494202387.04776','TF,0,1494202391.6628','TF,0,1494202395.48385','TF,0,1494202398.31609','TPC,0,149422400.67862','TPC,0,1494202403.07953','TPC,0,1494202405.21365','TPC,0,1494202406.9515','TPC,0,1494202409.41689','TPC,0,1494202411.40106','TF,0,1494202413.40012','TF,0,1494202415.45148&qut;,'TBP,0,1494202418.38439','TF,0,1494202421.77069','TF,0,1494202421.81531','B,0,1494202425.63109','P,1,1494202426.85043','F,1,1494202428.50374','F,87,1494202432.78668','BP,386,149202442.64298']",DC7F0BB6-E473-4DE9-AAC9-100EFD732D66,1
,3227B235-B00E-4A57-9813-90528CC836B1,0
,3227B235-B00E-4A57-9813-90528CC836B1,0
"['F,87,1494278311.13731','F,231,1494278311.90373','F,312,1494278312.38571','F,423,1494278312.75197','F,552,1494278313.03502','F,690,1494278313.30158','F,905,1494278313.5696','F,100,1494278313.81821','F,1089,1494278314.05206','B,1291,1494278314.58734','P,1111,1494278315.72173','C,1111,1494278316.28722','F,1137,1494278317.78712','B,1282,1494278318.21889','F,1089,144278318.53528','F,1291,1494278319.08693','F,1439,1494278319.31862','F,1452,1494278319.53685','F,1492,1494278319.75208','F,1583,1494278319.96898','F,1645,1494278320.18535','F,1844,149427320.41905','F,1925,1494278320.6688','F,2036,1494278320.92009','F,2069,1494278321.15204','F,2168,1494278321.40242','F,2302,1494278321.63556','F,2369,1494278321.88576','F,2515,1494278322.3549','F,2564,1494278322.38622','F,2676,1494278322.61883','F,2849,1494278322.86932','F,2949,1494278323.11904','F,3285,1494278325.47075','F,3450,1494278325.7527','F,3552,1494278326.00261','F,3685,1494278326.21942','F,3777,1494278326.45251','F,3865,1494278326.68666','F,3932,1494278326.93599','F,3950,1494278327.16945','F,4046,1494278327.40253','F,4145,1494278327.63727&quo;,'F,4220,1494278327.88594','F,4366,1494278328.12002','F,4465,1494278328.33589','F,4684,1494278328.55292','F,4764,1494278328.78764','F,4793,1494278329.00275','F,4901,1494278329.21947',&uot;F,5086,1494278329.43606','F,5623,1494278329.66981','F,5636,1494278329.88675','F,5655,1494278330.10272','F,5752,1494278330.32001','F,5822,1494278330.51933','F,6011,1494278330.73625',&quotF,6135,1494278330.93605','F,6208,1494278331.15378','F,6315,1494278331.36942','F,6355,1494278331.5866','F,6539,1494278331.83602','F,6780,1494278332.01955','F,6914,1494278332.23695','F,701,1494278332.46947','F,7205,1494278332.6864','F,7296,1494278332.91962','F,7504,1494278333.13658','F,7571,1494278333.35286','F,7670,1494278333.56981','F,7793,1494278333.7876','F,7902,149278334.03646','F,8127,1494278334.28643','F,8280,1494278334.51989','F,8345,1494278334.76972','F,8493,1494278335.02065','F,8579,1494278335.23623','F,8696,1494278335.48668','F,8826,149427835.71969','F,9041,1494278335.95361','F,9054,1494278336.1871','F,9089,1494278336.40307','F,9332,1494278336.63648','F,9491,1494278336.88667','F,9667,1494278337.13648','F,9746,1494278337.3013','F,9909,1494278337.63792','F,9979,1494278337.87055','F,10031,1494278338.10333','F,10133,1494278338.33655','F,10240,1494278338.57086','F,10333,1494278338.80314','F,10536,1494278339.5357','F,10730,1494278339.30326','F,10839,1494278339.55475','F,10923,1494278339.78659','F,11033,1494278340.03698','F,11255,1494278340.27148','F,11389,1494278340.50327','F,11482,149427830.7367','F,11663,1494278340.98686','F,11834,1494278341.23752','F,11909,1494278341.47024','F,12023,1494278341.70371','F,12142,1494278341.93675','F,12305,1494278342.17059','F,12382,149427342.38668','F,12541,1494278342.63973','F,12616,1494278342.85344','F,12781,1494278343.10399','F,12953,1494278343.35361','F,13142,1494278343.60396','F,13229,1494278343.82018','F,13402,149278344.07054','F,13575,1494278344.3039','F,13743,1494278344.55459','F,13893,1494278344.78695','F,13950,1494278345.03728','F,14034,1494278345.28702','F,14136,1494278345.52173','F,14176,194278345.75362','F,14225,1494278346.00495','F,14323,1494278346.25373','F,14562,1494278346.52075','F,14637,1494278346.75368','F,14711,1494278346.98787','F,14806,1494278347.23717','F,1491,1494278347.47065','F,15017,1494278347.72203','F,15092,1494278347.97048','F,15202,1494278348.18757','F,15321,1494278348.43712','F,15394,1494278348.67202','F,15445,1494278348.9205']",42E2F2E5-62EF-417D-AE5A-FB7FE292A027,3
"['TB,0,1494423756.99176','TF,0,1494423759.80985','TBP,0,1494423764.36245','TFP,0,1494423767.24618','TPC,0,1494423773.86813','P,175,1494423785.09092','B,175,1494423786.62344','F,702,1494424197.53054']",2B5FE5BF-B6F0-4D7A-966C-3FB2A0186AA1,2
"['TB,0,1494429858.20107','TB,0,1494429860.85196','TF,0,1494429863.34746','TPC,0,1494429865.58075','P,14905,1494430751.65749','P,14915,1494430751.77233','C,14915,1494430756.98799']",7C3ADEDB-4C36-4147-96D3-5D5603169D82,3
,B5898488-6013-45E3-80A0-D7B97AD2629D,1
,B5898488-6013-45E3-80A0-D7B97AD2629D,1
,101AC70F-4E04-4590-B034-D21CFA3DC0F7,1
,3E88FD9F-FAC4-42FD-B6EE-AEC9DC3B1EC9,2
,7E63890D-E67F-4A0C-8345-C8855F2D647C,0
,7E63890D-E67F-4A0C-8345-C8855F2D647C,0
,71DCB15B-1C2C-41AE-9197-A663D2DE390E,0
,71DCB15B-1C2C-41AE-9197-A663D2DE390E,0
"['BG,0,1498496756.57148','FG,0,1498505783.21088','BG,0,1498506089.68911','FG,0,1498506103.42443','BG,0,1498506208.71133','FG,0,1498506234.35318','TBP,0,1498506335.6742','F,47,149856341.30597','F,282,1498506345.16261','B,332,1498506346.89012','B,231,1498506347.82339','BP,27,1498506348.44096','FP,27,1498506350.8734','BP,513,1498506355.99197','BP,27,1498506356.3753&uot;,'BP,0,1498506356.7421','BP,0,1498506357.09203','B,0,1498506357.4573','P,0,1498506357.54143','B,0,1498506357.8237','P,0,1498506357.92473','BP,0,1498506358.25878','BP,0,149850638.70913','B,0,1498506359.5074','B,0,1498506359.80744','B,0,1498506360.09035','B,0,1498506360.37387','B,2041,1498506479.51479','B,1925,1498506479.86491','B,1844,1498506480.14868',&qot;B,1645,1498506480.44687','F,1589,1498506480.83201','F,1645,1498506481.1649','F,1844,1498506481.48198','F,1925,1498506481.7818','F,2036,1498506482.0992','F,2069,1498506482.41519','F,268,1498506482.76528','F,2306,1498506483.08185','F,2369,1498506483.39876','F,2515,1498506483.7151','F,2564,1498506484.04874','F,2680,1498506484.38178','F,2849,1498506484.71517','F,2949,198506485.01538','F,3245,1498506485.38216','FP,3457,1498506486.53381','FP,3950,1498506486.9502','FP,4469,1498506487.38382','F,4793,1498506487.91525','P,4793,1498506488.01638','F,4793,149506488.26534','F,5086,1498506488.58246','FP,5623,1498506489.54948','F,5623,1498506489.58424','FP,5752,1498506489.88365','FP,6011,1498506490.18403','FP,6539,1498506490.51582','F,6914,149506490.81532','FP,7086,1498506491.66789','P,7086,1498506491.78341','FP,7086,1498506491.98377','FP,8345,1498506492.30064','P,9041,1498506492.65194','F,9041,1498506492.86568','FP,9054,149506493.18411','FP,9089,1498506493.48411','FP,9491,1498506493.83445','F,10536,1498506494.11591','FP,10730,1498506494.43279','FP,11255,1498506494.76748','F,12023,1498506495.04976','FP,1212,1498506495.35081','F,12616,1498506495.64824','FP,12781,1498506495.94881','FP,13229,1498506496.23421','FP,14136,1498506496.55095','FP,14348,1498506498.31772','FP,14722,1498506499.16785',&qut;FP,14722,1498506500.11806','F,14753,1498506502.93349','F,14820,1498506504.03299','F,14923,1498506504.70009','F,15023,1498506505.16646','F,15096,1498506505.68342','F,15202,1498506506.1503','F,15329,1498506506.71664','F,15394,1498506507.20009','F,15453,1498506507.9501','F,15471,1498506508.80018','F,15500,1498506510.53382']",D36436E3-2399-4817-B863-D3742C691F7E,3
"['BG,0,1498504352.60867','FG,0,1498505222.5555','BG,0,1498505361.85686','FG,0,1498505377.59759','BG,0,1498505379.00667','FG,0,1498505379.36261','TB,0,1498505797.29455','TF,0,149850799.18022','TPC,0,1498505801.96457','TBP,0,1498505804.4815','TFP,0,1498505807.46665','BG,0,1498505928.53436','FG,0,1498505934.97596','P,3865,1498506042.84025','C,3865,1498506044.16003&qot;,'BG,0,1498506260.97122','FG,0,1498508673.70733','BG,0,1498508675.90642','FG,0,1498509709.92703','B,7628,1498509716.46016','B,7517,1498509717.73677','P,7326,1498509719.80825','C7326,1498509722.84201','P,7355,1498509724.41089','FP,7355,1498509725.60897','FP,7514,1498509726.50905','FP,8366,1498509727.89324','FP,9054,1498509729.12527','F,9101,1498509729.81103','P9332,1498509729.9427','C,9332,1498509731.24638','FP,9340,1498509731.64524','FP,9491,1498509732.17809','FP,10536,1498509732.62752','F,11259,1498509733.16246','FP,11389,1498509733.56126',&quotFP,12032,1498509734.04607','FP,12624,1498509735.01353','FP,13229,1498509735.49542','F,14132,1498509735.59543','FP,14179,1498509735.96379','F,14327,1498509736.46254','F,14579,1498509737.51468&quot,'FP,14649,1498509738.48202','P,14649,1498509738.5491','C,14649,1498509738.6469','P,14714,1498509739.13316','C,14714,1498509739.58381','F,14722,1498509739.96587','F,14722,1498509740.01638&qut;,'F,14923,1498509740.86661','P,15014,1498509740.99895','FP,15014,1498509741.75037','FP,15023,1498509742.2842','FP,15023,1498509742.88394','FP,15023,1498509743.50118','F,15023,1498509744.1676','P,15023,1498509744.25315','F,15023,1498509744.80176','F,15202,1498509745.40148','F,15325,1498509745.86754','F,15394,1498509746.35233','F,15448,1498509746.78469','F,15453,149850974721959','F,15463,1498509747.66973','F,15471,1498509748.11995','F,15471,1498509748.56981','F,15489,1498509748.99443','F,15493,1498509749.38759','F,15500,1498509749.77207','F,15509,149850950.13731','F,15516,1498509750.53759','FP,15531,1498509751.172','P,15453,1498509752.15678','F,15453,1498509752.7229','FP,15453,1498509753.32265','FP,15448,1498509753.94001','F,15448,149809754.53982','P,15471,1498509755.99124','C,15471,1498509757.10943','F,15500,1498509758.27485']",89D589AC-D35B-4524-8707-15194794827C,1
,468BB389-F1A0-4EC3-89D9-6454FDB1DA30,0
,5990180A-C8CB-4507-A09E-E0FD1B63DFC4,2
"['P,101,1499810169.72988','C,101,1499810177.51231','P,146,1499810179.68181','C,146,1499810180.83105','B,175,1499810182.57921']",CA9F4AD8-CCD8-4D79-99FE-04774E18663D,4
[],8030040F-D2D4-41F1-8A42-F6F8F1486C73,0
,F9B79E1E-3B62-4FAA-80B7-AE171770EBD5,4
,C2FEC9D0-ED27-41E8-9DBF-AE7A6F34ECA8,1
"['TB,0,1501687442.08714','TF,0,1501687445.0197','TPC,0,1501687447.27858','TBP,0,1501687450.06942','TFP,0,1501687453.31722']",E5905C80-513D-446B-B818-1123B729B386,2
,FD03B8A9-82CA-49AE-8DD8-A69DE77DE94B,1
"['BG,0,1503255294.38599','FG,0,1503255320.43711','BG,0,1503255406.26781','FG,0,1503255536.64012','BG,0,1503255665.65422','FG,0,1503255689.57886','BG,0,1503255846.05209','FG,0,150325964.39531','TB,0,1503256921.15488','TF,0,1503256923.53819','TFP,0,1503256926.77438','TBP,0,1503256929.02401','TPC,0,1503256931.03444','BG,0,1503257071.76797','FG,0,1503257401.02203&quo;,'FP,2409,1503257412.90444','P,7659,1503257711.85506','C,7659,1503257713.3329','P,14447,1503258114.69769','C,14447,1503258117.26701','B,14467,1503258118.19687','B,14238,1503258119.54708&quo;]",4B56273B-A3A7-45D2-9657-F9BEF6F6FBE3,4
"['TB,0,1503273769.91916','TF,0,1503273771.90331','TBP,0,1503273774.2178','TFP,0,1503273777.2031','TPC,0,1503273779.54252','TB,0,1503273782.03664','B,185,1503273795.53783','B,889,153273846.46088','B,2061,1503273936.31892','B,2044,1503273937.24903','B,10673,1503274454.6919']",BE082390-E1D1-4789-8E23-03E578DC9F42,4
"['TPC,0,1503280387.01716','TFP,0,1503280389.05926','TBP,0,1503280392.1573','TB,0,1503280394.19078','TF,0,1503280397.65862','P,209,1503280412.79219','C,209,1503280414.56504','P,386,503280424.66223','C,386,1503280427.99188','B,1261,1503280476.14659','P,2398,1503280557.83066','C,2398,1503280563.18468','P,2969,1503280598.18258','C,2969,1503280604.78779','P,10525,150381050.40646','C,10525,1503281054.92362','P,10529,1503281055.65278','C,10529,1503281059.19991','P,10536,1503281060.17203','C,10536,1503281077.0513']",2A49407A-8315-4E33-B988-FC4D8D6E14B6,2
,E3AA8BA8-358F-466B-8E65-CE4E6885E39F,0
,E3AA8BA8-358F-466B-8E65-CE4E6885E39F,0
"['TB,0,1503533156.69503','TPC,0,1503533159.36503','TBP,0,1503533161.98079','TPC,0,1503533167.1623','TF,0,1503533169.67989','TF,0,1503533174.38029','BP,1503,1503533267.66734','B,143,1503533268.68202','B,1305,1503533269.98214','BP,6398,1503533585.36061','P,8148,1503533712.79345','C,8148,1503533723.09429','B,9874,1503533826.49236']",4C461377-D5F5-42A6-BBF9-4B20AF1CC34E,2
,B93FA9CF-D360-4CAC-891A-642619AD6D46,1
"['BG,0,1506448372.25744','FG,0,1506452572.14925','BG,0,1506452786.17563','FG,0,1506452786.6966','TF,0,1506453119.53385','BG,0,1506453259.31316','FG,0,1506453268.28782','B,2690,150653286.88058','B,2577,1506453287.59859','F,2520,1506453288.44716','B,2585,1506453289.54741','P,2556,1506453292.7459','C,2556,1506453293.61487','B,2702,1506453301.09995','B,2585,150645330.0973','B,2520,1506453302.68315','F,2383,1506453303.79864','F,2515,1506453304.21513','F,2564,1506453304.64866','F,2680,1506453305.09864','F,2849,1506453305.54829','F,2949,1506453305.9655','F,3308,1506453309.31537','BG,0,1506453440.82261','FG,0,1506453620.63134','F,5726,1506453624.1701','F,5752,1506453624.61982','F,5825,1506453625.00327','F,6011,1506453625.35387','F,6135,1506453625.61997','F,6208,1506453625.93532','F,6315,1506453626.22006','F,6355,1506453626.51872','F,6539,1506453626.8033','F,6780,1506453627.08727','F,6914,1506453627.36997',&quotF,7071,1506453627.65899','BG,0,1506453708.29482','FG,0,1506453710.32217','BG,0,1506453831.13874','FG,0,1506455077.20472','F,10629,1506455082.39252','F,10730,1506455082.92631','F,10839,106455083.40962','F,10923,1506455083.91474','F,11033,1506455084.39297','F,11263,1506455085.24313','F,11395,1506455085.69297','F,11487,1506455086.22636','P,11864,1506455097.39636','BG,0,106455104.95313','FG,0,1506455691.53414','C,11864,1506455704.36983','BP,12590,1506455744.97386','FP,12032,1506455745.79068','FP,12624,1506455746.65741','FP,13229,1506455747.25751','FP,1443,1506455747.94125','FP,14330,1506455748.75733','FP,14714,1506455749.42473','FP,14722,1506455750.19113','F,14722,1506455750.95585','F,14818,1506455751.87267','F,14923,1506455752.7229',&quotF,15023,1506455753.4062','F,15096,1506455753.8895','F,15202,1506455754.30646','F,15325,1506455754.80659','F,15394,1506455755.27327','F,15448,1506455755.79044','F,15453,1506455756.28969',&quo;F,15493,1506455757.97324','F,15500,1506455758.62318','F,15516,1506455759.43998','P,15531,1506455760.55653','C,15531,1506455771.32306']",05092872-9C7B-4B3F-9A49-16481DB05B1E,3
,B5ED3E0F-005A-4D41-92DD-D21DD23150E5,0
,B5ED3E0F-005A-4D41-92DD-D21DD23150E5,0
,D5AF863C-3971-48A8-A74E-C4882BEE14FF,0
,D5AF863C-3971-48A8-A74E-C4882BEE14FF,0
,F7D1C123-A4D9-4E7D-ABB4-BB2315A5018D,0
"['TB,0,1506463158.14185','TB,0,1506463161.0068','TB,0,1506463165.35634','B,10,1506463168.57362','FP,140,1506463177.62572','FP,429,1506463178.25907','FP,694,1506463178.82568','FP,106,1506463179.34249','FP,1439,1506463180.35958','P,1496,1506463180.95866','FP,1496,1506463181.42609','FP,1925,1506463181.97533','FP,2573,1506463182.50907','F,3450,1506463183.07392','F,340,1506463183.12622','FP,3694,1506463184.17744','P,3694,1506463184.3092','FP,3694,1506463184.77577','FP,4475,1506463185.42615','FP,4800,1506463186.0747','P,4800,1506463186.14209','C,48001506463186.77523','P,4800,1506463186.80852','FP,4800,1506463187.32645','FP,5662,1506463188.00991','FP,6019,1506463188.62636','FP,6554,1506463189.85883','FP,6914,1506463190.45966','FP,754,1506463191.07646','FP,8366,1506463192.27643','FP,9041,1506463192.92647','FP,9097,1506463193.5596','FP,9491,1506463194.193','FP,10547,1506463195.47649','FP,11279,1506463197.30998','FP,2023,1506463197.84356','FP,12620,1506463198.34324','F,13229,1506463198.82845','F,13229,1506463198.89326','BP,13657,1506463204.14362','BP,13238,1506463204.94388','BP,12620,1506463205.42773',&uot;BP,12023,1506463205.90926','BP,11259,1506463206.4438','BP,10536,1506463206.96088','BP,9491,1506463207.47694','BP,9089,1506463207.99391','BP,9041,1506463208.46028','BP,8345,1506463208.94445&qut;,'BP,7504,1506463209.44372','BP,6914,1506463209.92554','BP,6539,1506463210.3926','BP,6015,1506463210.8921','BP,5659,1506463211.3756','BP,5623,1506463211.85872','BP,4793,1506463212.34244&qut;,'BP,4481,1506463213.32645','BP,3950,1506463213.80891','BP,3450,1506463214.27651','BP,2573,1506463214.79235','BP,1925,1506463215.29278','BP,1496,1506463215.82671','BP,1439,1506463216.4267&uot;,'BP,1096,1506463217.09397','BP,694,1506463217.77735','B,2505,1506463338.6636','BP,3800,1506463426.28699','BP,3450,1506463426.68507','BP,2564,1506463427.05145','FP,1931,1506463427.76971&uot;,'FP,2564,1506463428.10195','FP,3450,1506463428.41802','FP,3950,1506463428.70194','FP,4465,1506463429.0011','FP,4793,1506463429.3188','FP,5623,1506463429.61868','FP,5655,1506463429.88412','FP,6011,1506463430.18509','FP,6539,1506463430.43438','FP,6914,1506463430.71792','FP,7504,1506463430.96779','FP,8345,1506463431.25132','FP,9041,1506463431.55318','FP,9089,1506463431.8174','FP,9491,1506463432.10148','FP,10536,1506463432.38438','FP,11255,1506463432.65162','FP,12032,1506463433.25318','FP,12616,1506463433.51791','FP,13229,1506463433.81831','FP,13229,150663434.3648','FP,13229,1506463434.45486','FP,14711,1506463434.80139','P,14736,1506463436.44348','FP,14736,1506463437.90303','FP,14711,1506463438.33463','FP,14714,1506463438.73656']",0724F1CB-FE91-4F49-AF3B-840AB3C17862,3
,69AB6A98-3213-440C-8E09-7AB36117CE6D,3
"['B,3777,1506467884.15223','FP,3734,1506467887.23878']",62F631E4-0B58-4BDA-9F55-59FA78FB4EE1,3
"['TB,0,1506469816.24467','TF,0,1506469818.55976','TPC,0,1506469820.94366','TBP,0,1506469824.21216','TFP,0,1506469826.48304','P,4228,1506470078.58132','C,4228,1506470080.01719','P,1239,1506470497.06531','C,11239,1506470498.3635']",AFE40A42-0C72-4E51-84E6-7C5C10FDB489,1
,264BAFD2-0D9C-4FCE-92FC-A20E2085E829,3
"['TB,0,1506478595.75692','TF,0,1506478598.12206','TBP,0,1506478601.20736','TFP,0,1506478603.49192','TPC,0,1506478605.74377','B,414,1506478632.14179']",2AF15B47-D4B0-4BB0-8A76-6B355A20A6D9,4
"['BG,0,1506485537.4316','FG,0,1506485539.53182','B,27,1506485611.54516','F,19,1506485612.4481','P,40,1506485613.58179','B,40,1506485614.26557','F,10,1506485614.76459']",2A89A9F5-A810-4AB6-95B0-4B51C46B1BDC,4
"['BG,0,1506485537.4316','FG,0,1506485539.53182','B,27,1506485611.54516','F,19,1506485612.4481','P,40,1506485613.58179','B,40,1506485614.26557','F,10,1506485614.76459']",2A89A9F5-A810-4AB6-95B0-4B51C46B1BDC,4
,D967A229-D11F-4098-8FB4-F8BB9FD74690,3
,D967A229-D11F-4098-8FB4-F8BB9FD74690,3
,B71839CF-1B54-40A8-B838-97AB19119A5F,0
,B71839CF-1B54-40A8-B838-97AB19119A5F,0
"['TB,0,1506490402.219','TF,0,1506490404.70131','TPC,0,1506490407.35206','TBP,0,1506490410.51997','TFP,0,1506490414.70355','FP,7205,1506490842.01364','FP,7517,1506490842.98191','FP,357,1506490843.71509','FP,9041,1506490844.19875','FP,9089,1506490844.49726','FP,9491,1506490844.83064','FP,10536,1506490845.16403','FP,11255,1506490845.48076','FP,12023,1506490845.79856',&qut;FP,12616,1506490846.13083','FP,13238,1506490846.99888','FP,14136,1506490847.39785','FP,14330,1506490847.94798','FP,14722,1506490848.64885','FP,14722,1506490849.38242','F,14891,1506490860.1313&qot;,'F,14923,1506490860.9147','F,15023,1506490861.49862','F,15096,1506490862.065','F,15211,1506490862.71475','F,15333,1506490863.44818','F,15403,1506490864.31491','F,15467,1506490865.78166&qot;]",B7464B53-88D0-4B8A-AC1E-0F2B5335CAD7,3
,B9273448-724C-44D4-BC95-7D4E86C01ED6,0
"['TF,0,1506492648.55485','TB,0,1506492652.38656','TFP,0,1506492655.30683','P,3206,1506492846.67027','C,3206,1506492848.12114','F,3256,1506492850.98911','B,3457,1506492851.97153','P4069,1506492901.26434','C,4069,1506492918.02324']",D63BC842-84E5-4FAF-A43F-7C0D9D552B65,1
,CF013321-75E9-4877-9ACE-920CD56A92AC,1
"['P,140,1506528163.70486','C,140,1506528164.4545','F,146,1506528164.9708','F,220,1506528165.45536','B,312,1506528165.93798','B,220,1506528166.42125','F,27,1506528166.92212','P,795,506528202.01162','C,795,1506528202.94282','B,840,1506528205.47522','B,552,1506528206.00882','B,433,1506528207.07456','F,312,1506528207.95886','F,423,1506528208.54148','F,552,1506528208.4095','F,690,1506528209.32413','F,905,1506528209.65722','F,1007,1506528209.97482','F,1089,1506528210.29029','F,1282,1506528210.60713','F,1439,1506528210.90854','F,1452,1506528211.20699&uot;,'F,1492,1506528211.49051','F,1583,1506528211.77371','F,1645,1506528212.04048','F,1844,1506528212.32412','F,1925,1506528212.60735','F,2036,1506528212.90828','F,2074,1506528213.19046&quot,'F,2163,1506528213.47433','F,2306,1506528213.77395','F,2369,1506528214.05725','F,2515,1506528214.3584','F,2564,1506528214.65742','F,2680,1506528214.94059','F,2849,1506528215.24152',&qut;F,2949,1506528215.524','F,3245,1506528215.80792','F,3450,1506528216.10734','F,3552,1506528216.39078','F,3685,1506528216.67408','F,3777,1506528216.94198','F,3865,1506528217.25746','F,332,1506528217.54191','F,3950,1506528217.87697','F,4054,1506528218.92545','F,4145,1506528219.37541','F,4220,1506528219.74111','F,4371,1506528220.0576','F,4469,1506528220.37424','F,4684,106528220.69094','F,4764,1506528220.99225','F,4793,1506528221.30765','F,4901,1506528221.60773','F,5086,1506528221.92446','F,5623,1506528222.22559','F,5636,1506528222.54115','F,5655,150658222.85767','F,5752,1506528223.15783','F,5825,1506528223.47445','F,6011,1506528223.75801','F,6135,1506528224.05796','F,6208,1506528224.37507','F,6315,1506528224.69251','F,6355,150652822.00797','F,6539,1506528225.29148','F,6780,1506528225.59353','F,6914,1506528225.92462','F,7071,1506528226.20878','F,7205,1506528226.49143','F,7296,1506528226.79149','F,7504,1506528227.0939','F,7571,1506528227.40814','F,7670,1506528227.70812','F,7798,1506528228.02472','F,7902,1506528228.32478','F,8127,1506528228.62482','F,8280,1506528228.94286','F,8345,1506528229.24156&uot;,'F,8493,1506528229.52619','F,8579,1506528229.80818','F,8699,1506528230.10859','F,8826,1506528230.3918','F,9041,1506528230.6589','F,9054,1506528230.95848','F,9089,1506528231.24163','F,9332,1506528231.50855','F,9491,1506528231.79183','F,9667,1506528232.09313','F,9746,1506528232.37516','F,9909,1506528232.65971','F,9979,1506528232.95852','F,10031,1506528233.24288',&qut;F,10130,1506528233.54211','F,10240,1506528233.84285','F,10333,1506528234.14215','F,10536,1506528234.44194','F,10730,1506528234.74219','F,10839,1506528235.02649','F,10923,1506528235.30873','F,11033,1506528235.60862','F,11255,1506528235.8921','F,11389,1506528236.16011','F,11482,1506528236.44208','F,11663,1506528236.72663','F,11834,1506528236.99217','F,11909,1506528237.25928&quot,'F,12023,1506528237.54221','F,12142,1506528237.84213','F,12305,1506528238.1601','F,12382,1506528238.49222','F,12941,1506528265.17865','F,12950,1506528265.52734','F,12950,1506528265.86323&qut;,'F,13229,1506528266.14473','F,13402,1506528266.42741','F,13575,1506528266.72742','F,13743,1506528266.99417','F,13893,1506528267.26086','F,13950,1506528267.52794','F,14034,1506528267.81193','F,14136,1506528268.09462','F,14176,1506528268.34732','F,14219,1506528268.61199','F,14323,1506528268.87776','F,14562,1506528269.12764','F,14637,1506528269.39529','F,14705,1506528269.6783','F,14851,1506528272.24581','F,14918,1506528272.61235','F,15017,1506528272.87775','F,15092,1506528273.16129','F,15202,1506528273.41123','F,15321,1506528273.64495','F,15436,150652827712916']",E6C0F7B2-FB0F-4CC4-9654-6554276E2FEB,2
,CF013321-75E9-4877-9ACE-920CD56A92AC,1
,46C25363-1869-4109-97AA-A5A7DBE94D3E,4
[],D166B619-A3E1-4BB8-9268-D86616EF425E,4
"['TB,0,1506550315.74699','TF,0,1506550318.71087','TBP,0,1506550320.90069','TFP,0,1506550323.0798','TPC,0,1506550326.61231','F,8345,1506550819.74408','F,8514,1506550821.0782','F,859,1506550822.0823','F,8707,1506550822.92727','F,8831,1506550823.49492','F,9041,1506550823.92736','F,9054,1506550824.30068','F,9089,1506550824.60958','F,9332,1506550824.90949','F,9491,150550825.22597']",4285FE84-B20B-4C61-B02A-53BCBD86CAB0,4
,8BCFF57F-6B8A-4D41-B607-B48A24A0E6E5,2
,1CB00E40-583C-4F7D-99AD-A14463885B4B,1
,5AA48AE0-BBEC-4972-9480-F03B151CADF3,1
"['BG,0,1506572565.18682','FG,0,1506572567.01948','BG,0,1506573785.67185','FG,0,1506573791.66222']",2CCB6B41-FFA0-4CBE-978A-B6557CD36E42,0
[],9686307D-3611-49E8-B59F-75D853CA7BC9,2
,45021A1D-AB6B-43B0-9F12-D01419794DB3,3
,45021A1D-AB6B-43B0-9F12-D01419794DB3,3
,FA3A044E-F93B-4418-B865-541878495777,1
"['P,3457,1506628865.39512','C,3457,1506628865.89687','P,10885,1506629308.408','C,10885,1506629309.29464']",B96CFE20-995E-49F7-B277-5697873E05E1,2
"['BG,0,1506648459.90083','FG,0,1506648461.63008','P,2821,1506648806.51675','C,2821,1506648807.15084','F,2839,1506648808.41588','F,2849,1506648808.81567','F,2949,1506648809.36637',',3245,1506648809.71584','F,3450,1506648810.11617','F,3552,1506648810.44989','F,3691,1506648810.78309','F,3777,1506648811.09966','P,3865,1506648811.42006','C,3865,1506648811.75103','P,385,1506648812.09918','C,3865,1506648812.31569','P,3876,1506648812.54975','C,3876,1506648812.7655','F,3876,1506648812.93321','F,3932,1506648813.20314','F,3950,1506648813.4833','F,4046,150648813.76521','F,4145,1506648814.04862','F,4220,1506648814.3166','F,4366,1506648814.56801','F,4465,1506648814.83206','F,4684,1506648815.06551','F,4764,1506648815.29926','F,4793,150664885.51494','F,4898,1506648815.73213','F,5086,1506648815.94913','F,5623,1506648816.15051','F,5636,1506648816.36562','F,5655,1506648816.56562','F,5752,1506648816.78403','F,5822,1506648816.9875','F,6011,1506648817.19864','F,6132,1506648817.41586','F,6208,1506648818.60131','F,6315,1506648818.81741','F,6352,1506648819.03263','F,6539,1506648819.23208','F,6780,1506648819.4322&uot;,'F,6914,1506648819.63281','F,7071,1506648819.84883','F,7205,1506648820.04947','F,7296,1506648820.24899','F,7504,1506648820.44956','F,7568,1506648820.64923','F,7670,1506648820.84918&quot,'F,7793,1506648821.06614','F,7902,1506648821.26561','F,8127,1506648821.49928','F,8280,1506648821.69978','F,8345,1506648821.91604','F,8488,1506648822.14978','F,8579,1506648822.36624',&qot;F,8696,1506648822.56596','F,8826,1506648822.79942','F,9041,1506648823.03429','F,9054,1506648823.25135','F,9089,1506648823.46604','F,9332,1506648823.666','F,9491,1506648823.9001','F,967,1506648824.13486','F,9746,1506648824.33325','F,9909,1506648824.56841','F,9979,1506648824.78372','F,10028,1506648824.98351','F,10133,1506648825.21681','F,10240,1506648825.43362','F,1033,1506648825.68362','F,10536,1506648825.89975','F,10730,1506648826.11643','F,10835,1506648826.35164','F,10923,1506648826.58511','F,11033,1506648826.83333','F,11255,1506648827.05002','F11389,1506648827.26718','F,11482,1506648827.48384','F,11660,1506648827.70045','F,11830,1506648827.91707','F,11909,1506648828.15198','F,12023,1506648828.36741','F,12142,1506648828.56684',&quo;F,12305,1506648828.78399','F,12382,1506648829.00017','F,12541,1506648829.21926','F,12616,1506648829.43376','F,12781,1506648829.66797','F,12950,1506648829.8837','F,13138,1506648830.11768',&qot;F,13226,1506648830.33375','F,13402,1506648830.56727','F,13575,1506648830.80087','F,13743,1506648831.01724','F,13890,1506648831.23426','F,13950,1506648831.46726','F,14034,1506648831.70246''F,14136,1506648831.9179','F,14176,1506648832.15108','F,14219,1506648832.40278','F,14319,1506648832.63476','F,14562,1506648832.88584','F,14637,1506648833.11789','F,14711,1506648833.36787&quo;,'F,14806,1506648833.61813','F,14918,1506648833.8695','F,15017,1506648834.1013','F,15092,1506648834.35279','F,15202,1506648834.62039','F,15321,1506648834.85175','F,15394,1506648835.08644&qut;,'F,15445,1506648835.33623','F,15448,1506648835.6366','F,15453,1506648836.15771','F,15467,1506648836.45085','F,15493,1506648837.93656','F,15500,1506648838.20363','F,15500,1506648838.47034&uot;]",A74ADC95-4FBE-4067-A9C5-6B8F7CEF5DEB,1
"['F,19,1506653206.57791','B,37,1506653207.27823','FP,37,1506653209.53041','FP,429,1506653210.07946','FP,694,1506653210.53031','FP,1089,1506653210.8785','FP,1439,1506653211.1797','F,1496,1506653211.46157','FP,1925,1506653211.7462','FP,2564,1506653212.02851','FP,3450,1506653212.313','FP,3950,1506653212.57838','FP,4465,1506653212.86312','FP,4793,1506653213.14535','F,5623,1506653213.43001','FP,5655,1506653213.71199','P,5655,1506653213.74445','FP,6011,1506653213.98017','FP,6539,1506653214.26185','FP,6914,1506653214.5461','P,7504,1506653214.84422','F,7504,1506653215.08068','FP,8345,1506653215.37891','FP,9041,1506653215.91365','FP,9089,1506653216.19569','FP,9491,1506653216.48033','FP,10536,1506653216.74567','FP,11255,1506653217.01391',&qot;FP,12032,1506653217.58068','FP,12616,1506653217.8291','FP,13229,1506653218.09722','P,14136,1506653218.41083','FP,14136,1506653218.63083','FP,14323,1506653218.91258','FP,14711,1506653219.19767&uot;,'FP,14711,1506653219.47932','FP,14711,1506653219.76304','FP,14711,1506653220.04636','FP,14711,1506653220.34786','FP,14711,1506653220.62948','FP,14711,1506653220.91294','FP,14711,150665321.21319','F,14748,1506653223.48125','F,14806,1506653224.12986','F,14918,1506653224.62985','F,15017,1506653225.04658','F,15092,1506653225.41299','F,15202,1506653225.76228','F,15325,150653226.0956','F,15394,1506653226.39669','F,15448,1506653226.74566','F,15453,1506653227.097','F,15471,1506653228.3479','F,15489,1506653228.89713']",4CAA20BE-77B7-4B45-8629-F1E3AFF98D66,2
"['TB,0,1506879580.04615','TB,0,1506879582.23056','TF,0,1506879584.22652','TFP,0,1506879586.64485','TBP,0,1506879588.84335','TB,0,1506879588.89464','TPC,0,1506879592.80628','P,709,106879636.08315','C,709,1506879637.28201','F,5250,1506879903.05828','B,5825,1506879916.8323','F,5780,1506879918.45047','F,8069,1506880052.47016','F,10348,1506880188.7409','F,12234,150688288.35207','B,14722,1506880433.23469']",99C2B78D-7235-4F34-AB22-D316CE659E7B,1
[],B975AC12-F340-4B2E-8466-621DD5DF3E5F,0
"['BG,0,1506899628.95536','FG,0,1506899646.39788','BG,0,1506900250.1292','FG,0,1506900676.37459','BG,0,1506901347.60933','FG,0,1506901654.41444','P,19,1506901767.14671','C,19,150690767.81418','P,6289,1506902135.51614','BG,0,1506902137.66129','FG,0,1506902145.0396','C,6289,1506902191.61032']",5ACD66D1-49FE-4D59-8BE0-C8E28AD5E840,0
,B93FA9CF-D360-4CAC-891A-642619AD6D46,1
"['TPC,0,1506921591.31206','TPC,0,1506921593.32833','TPC,0,1506921595.21176','P,161,1506921606.89916','C,161,1506921609.39745','F,227,1506921613.36454','F,332,1506921615.08186','F,49,1506921616.16375','F,552,1506921616.88482','F,694,1506921617.46409','F,905,1506921617.96428','F,1007,1506921618.37973','F,1089,1506921618.79617','F,1282,1506921619.18115','F,1439,150621619.57944','FP,1458,1506921620.13092','FP,1496,1506921620.63306','FP,1925,1506921621.1729','FP,2573,1506921621.70025','FP,3450,1506921622.22931','FP,3950,1506921622.71646','FP,4469,156921623.2167','FP,4793,1506921623.64984','FP,5623,1506921624.10018','FP,5655,1506921624.55014','FP,6015,1506921625.01684','FP,6539,1506921625.55024','FP,6914,1506921626.21696','FP,7504,506921626.9173','FP,8354,1506921627.60056','FP,9041,1506921628.20051','FP,9089,1506921628.7602','FP,9491,1506921629.33387','FP,10536,1506921629.98451','FP,11263,1506921630.7345','FP,1202,1506921631.40113','FP,12620,1506921631.96766','FP,13238,1506921632.80163','FP,14143,1506921633.45142','FP,14327,1506921634.08482','FP,14714,1506921634.6517','FP,14714,1506921635.21835',&qut;FP,14714,1506921635.90151','FP,14714,1506921636.53519','FP,14714,1506921637.13496','FP,14714,1506921637.80204','FP,14714,1506921638.45241','F,14943,1506921653.02517','F,15023,1506921653.85296&qot;,'F,15096,1506921654.48584','F,15211,1506921655.16928','F,15333,1506921655.98628','F,15403,1506921656.78617']",686B6CB9-2E7D-49F6-A44A-E48F4480324D,4
,5C721617-B205-4A2A-B598-ADEC8FB41153,4
,755E9B85-44A6-48F9-81E7-C5E8AEC982AC,4
[],A7EA9F17-0D8B-4852-BDE1-601A4E3DCEA9,0
"['P,27,1506966291.62871','F,27,1506966292.24628','P,250,1506966294.08047','B,250,1506966294.94629','F,37,1506966295.67983','B,260,1506966298.3967']",C79EEAD6-63FE-49FD-9746-CBD70B093262,1
"['TB,0,1506986513.12374','TB,0,1506986515.50683','TF,0,1506986517.72339','P,5175,1506986820.73733','C,5175,1506986823.13682']",A32F06B7-6A5C-4630-8C60-FCD9678650B0,2
"['P,1991,1507051124.9819','C,1991,1507051126.78089','FP,2556,1507051160.25176','FP,2564,1507051160.60079','FP,3450,1507051160.90015','P,3946,1507051160.96419','FP,3946,1507051161.20013''FP,4475,1507051161.80209','FP,4793,1507051162.11757','P,4793,1507051162.16626','FP,5623,1507051162.40078','P,5623,1507051162.45191','C,5623,1507051162.46449','FP,5655,1507051162.70165''FP,6011,1507051163.00054','P,6011,1507051163.14653','FP,6011,1507051163.28544','C,6011,1507051163.33513','P,6011,1507051163.35758','FP,6011,1507051163.58578','C,6011,1507051163.63434','FP,7504,1507051163.88404','FP,8345,1507051164.16898','FP,9041,1507051164.45081','FP,9089,1507051164.75211','FP,9491,1507051165.03562','P,9491,1507051165.08475','FP,10536,1507051165.33588&quo;,'FP,11255,1507051165.6197','FP,12023,1507051165.90086','FP,12616,1507051166.20114','FP,13229,1507051166.46782','F,13229,1507051166.51799','FP,14179,1507051166.76776','P,14319,1507051167.0615','FP,14319,1507051167.31938','FP,14711,1507051167.6208','FP,14711,1507051167.90258','FP,14705,1507051168.18616','FP,14711,1507051168.50277','FP,14748,1507051170.86936']",F849A99C-397F-4D8A-BDD4-D820C55A570D,3
,A599C014-F6DC-42C1-BFB6-2A14D9A02C43,0
,A599C014-F6DC-42C1-BFB6-2A14D9A02C43,0
"['TB,0,1507067193.78783','TF,0,1507067196.43448','TBP,0,1507067200.50343','TFP,0,1507067202.80316','TPC,0,1507067206.8186']",EE1D020A-5A45-48F1-AC3B-BC585044E2AD,1
,69AB6A98-3213-440C-8E09-7AB36117CE6D,3
"['TB,0,1507061188.63031','TFP,0,1507061191.82712','P,2556,1507061343.97387','BG,0,1507061344.25558','FG,0,1507061349.04386','BG,0,1507061386.38903','FG,0,1507061489.12838','BG,0,157061529.71443','FG,0,1507061544.53598','F,3206,1507061560.31999','BG,0,1507061590.65644','FG,0,1507061631.59642','F,4356,1507061665.91839','F,4431,1507061669.55053','F,4475,1507061670.3028','F,4688,1507061670.90011','F,4770,1507061671.41705','F,4793,1507061671.90058','F,4901,1507061672.3337','F,5093,1507061673.36504','F,5623,1507061673.95045','F,5642,1507061674.39815&uot;,'F,5655,1507061674.79919','F,5752,1507061675.16551','F,5825,1507061675.49903','F,6011,1507061675.80086','BG,0,1507061733.44897','FG,0,1507061976.83744','F,7135,1507061978.5313',&qut;F,7232,1507061980.18234','F,7304,1507061980.91593','F,7504,1507061981.54896','F,7571,1507061982.34678','F,7682,1507061983.41585','FP,7861,1507061987.11823','FP,8381,1507061989.41799',&quotFP,9041,1507061990.26855','FP,9106,1507061991.45178','FP,9501,1507061992.43545','FP,10536,1507061993.30012','FP,11263,1507061994.13578','FP,12032,1507061994.95197','FP,12624,1507061995.69928&quot,'FP,13229,1507061996.3353','FP,14136,1507061996.88537','FP,14327,1507061997.46883','FP,14714,1507061997.95202','FP,14714,1507061998.46927','FP,14714,1507061999.03572','FP,14714,1507061999.661','FP,14714,1507062000.30235','F,14820,1507062007.55089','P,14923,1507062008.83868','F,14923,1507062009.4672','F,15023,1507062010.13413','F,15096,1507062010.66776','F,15202,150706201110128','F,15325,1507062011.50077','F,15394,1507062011.85096','F,15445,1507062012.23203','F,15453,1507062012.73423','F,15471,1507062013.85113','F,15509,1507062015.61834']",A8074511-0CDE-402B-B117-44D267F5DEC1,2
,613EF8D0-A44F-454F-89B8-7B693796B34D,3
"['TF,0,1507082214.1619','TFP,0,1507082216.49286','TB,0,1507082219.22583','P,19,1507082223.77912','C,19,1507082225.97788','F,9947,1507082811.42596','F,9985,1507082812.32637','F,1003,1507082812.90942','F,11446,1507082889.78258','F,11482,1507082890.18235','F,11663,1507082890.54739','F,11848,1507082891.99931','F,11909,1507082892.31408','F,12023,1507082892.63076','F,1181,1507082895.0334','F,12305,1507082895.33097','F,12382,1507082895.61424','F,12576,1507082897.86633','F,12616,1507082898.11453','F,12781,1507082898.41506','F,13518,1507082931.96969','P13866,1507082949.80598','C,13866,1507082950.57328']",0F4DC3B2-9D67-4886-91D6-2383939E8520,4
,B71839CF-1B54-40A8-B838-97AB19119A5F,0
,639D7B8F-4839-4BFD-8040-8701CAE4B21E,4
[],797EB777-3A85-4C16-8C8E-CF76E6848A3B,0
,031D55F2-1D7C-49CB-BEF4-5903354470E2,3
,031D55F2-1D7C-49CB-BEF4-5903354470E2,3
,031D55F2-1D7C-49CB-BEF4-5903354470E2,3
"['TPC,0,1507247659.66509','TB,0,1507247661.38826','TF,0,1507247664.05885','TBP,0,1507247667.16265','TFP,0,1507247670.12208','TBP,0,1507247673.01715','TPC,0,1507247675.41615','TPC,01507247677.90952','TB,0,1507247679.44531','B,1249,1507247752.56976','B,2839,1507247860.36065','P,2849,1507247870.08929','C,2849,1507247873.94209','B,8764,1507248229.77938','B,9041,150728259.29785','B,9060,1507248260.84891','B,9054,1507248261.53655','B,9077,1507248276.15315','B,9054,1507248276.53527','B,10357,1507248366.18287','B,12638,1507248504.94176']",E7115FC5-51A5-4CC6-BAB4-FB8B18BBDF6C,2
"['B,19,1507299765.85432','F,0,1507299766.57071','P,68,1507299770.73968','C,68,1507299771.48476']",AFAAB5DD-E78F-46BB-B711-D560D96EEAAE,4
,AD8D733D-E162-43B1-9387-F68CDC60EF63,4
,031D55F2-1D7C-49CB-BEF4-5903354470E2,3
"['TB,0,1507061188.63031','TFP,0,1507061191.82712','P,2556,1507061343.97387','BG,0,1507061344.25558','FG,0,1507061349.04386','BG,0,1507061386.38903','FG,0,1507061489.12838','BG,0,157061529.71443','FG,0,1507061544.53598','F,3206,1507061560.31999','BG,0,1507061590.65644','FG,0,1507061631.59642','F,4356,1507061665.91839','F,4431,1507061669.55053','F,4475,1507061670.3028','F,4688,1507061670.90011','F,4770,1507061671.41705','F,4793,1507061671.90058','F,4901,1507061672.3337','F,5093,1507061673.36504','F,5623,1507061673.95045','F,5642,1507061674.39815&uot;,'F,5655,1507061674.79919','F,5752,1507061675.16551','F,5825,1507061675.49903','F,6011,1507061675.80086','BG,0,1507061733.44897','FG,0,1507061976.83744','F,7135,1507061978.5313',&qut;F,7232,1507061980.18234','F,7304,1507061980.91593','F,7504,1507061981.54896','F,7571,1507061982.34678','F,7682,1507061983.41585','FP,7861,1507061987.11823','FP,8381,1507061989.41799',&quotFP,9041,1507061990.26855','FP,9106,1507061991.45178','FP,9501,1507061992.43545','FP,10536,1507061993.30012','FP,11263,1507061994.13578','FP,12032,1507061994.95197','FP,12624,1507061995.69928&quot,'FP,13229,1507061996.3353','FP,14136,1507061996.88537','FP,14327,1507061997.46883','FP,14714,1507061997.95202','FP,14714,1507061998.46927','FP,14714,1507061999.03572','FP,14714,1507061999.661','FP,14714,1507062000.30235','F,14820,1507062007.55089','P,14923,1507062008.83868','F,14923,1507062009.4672','F,15023,1507062010.13413','F,15096,1507062010.66776','F,15202,150706201110128','F,15325,1507062011.50077','F,15394,1507062011.85096','F,15445,1507062012.23203','F,15453,1507062012.73423','F,15471,1507062013.85113','F,15509,1507062015.61834']",A8074511-0CDE-402B-B117-44D267F5DEC1,2
"['TB,0,1507061188.63031','TFP,0,1507061191.82712','P,2556,1507061343.97387','BG,0,1507061344.25558','FG,0,1507061349.04386','BG,0,1507061386.38903','FG,0,1507061489.12838','BG,0,157061529.71443','FG,0,1507061544.53598','F,3206,1507061560.31999','BG,0,1507061590.65644','FG,0,1507061631.59642','F,4356,1507061665.91839','F,4431,1507061669.55053','F,4475,1507061670.3028','F,4688,1507061670.90011','F,4770,1507061671.41705','F,4793,1507061671.90058','F,4901,1507061672.3337','F,5093,1507061673.36504','F,5623,1507061673.95045','F,5642,1507061674.39815&uot;,'F,5655,1507061674.79919','F,5752,1507061675.16551','F,5825,1507061675.49903','F,6011,1507061675.80086','BG,0,1507061733.44897','FG,0,1507061976.83744','F,7135,1507061978.5313',&qut;F,7232,1507061980.18234','F,7304,1507061980.91593','F,7504,1507061981.54896','F,7571,1507061982.34678','F,7682,1507061983.41585','FP,7861,1507061987.11823','FP,8381,1507061989.41799',&quotFP,9041,1507061990.26855','FP,9106,1507061991.45178','FP,9501,1507061992.43545','FP,10536,1507061993.30012','FP,11263,1507061994.13578','FP,12032,1507061994.95197','FP,12624,1507061995.69928&quot,'FP,13229,1507061996.3353','FP,14136,1507061996.88537','FP,14327,1507061997.46883','FP,14714,1507061997.95202','FP,14714,1507061998.46927','FP,14714,1507061999.03572','FP,14714,1507061999.661','FP,14714,1507062000.30235','F,14820,1507062007.55089','P,14923,1507062008.83868','F,14923,1507062009.4672','F,15023,1507062010.13413','F,15096,1507062010.66776','F,15202,150706201110128','F,15325,1507062011.50077','F,15394,1507062011.85096','F,15445,1507062012.23203','F,15453,1507062012.73423','F,15471,1507062013.85113','F,15509,1507062015.61834']",A8074511-0CDE-402B-B117-44D267F5DEC1,2
"['TB,0,1507061188.63031','TFP,0,1507061191.82712','P,2556,1507061343.97387','BG,0,1507061344.25558','FG,0,1507061349.04386','BG,0,1507061386.38903','FG,0,1507061489.12838','BG,0,157061529.71443','FG,0,1507061544.53598','F,3206,1507061560.31999','BG,0,1507061590.65644','FG,0,1507061631.59642','F,4356,1507061665.91839','F,4431,1507061669.55053','F,4475,1507061670.3028','F,4688,1507061670.90011','F,4770,1507061671.41705','F,4793,1507061671.90058','F,4901,1507061672.3337','F,5093,1507061673.36504','F,5623,1507061673.95045','F,5642,1507061674.39815&uot;,'F,5655,1507061674.79919','F,5752,1507061675.16551','F,5825,1507061675.49903','F,6011,1507061675.80086','BG,0,1507061733.44897','FG,0,1507061976.83744','F,7135,1507061978.5313',&qut;F,7232,1507061980.18234','F,7304,1507061980.91593','F,7504,1507061981.54896','F,7571,1507061982.34678','F,7682,1507061983.41585','FP,7861,1507061987.11823','FP,8381,1507061989.41799',&quotFP,9041,1507061990.26855','FP,9106,1507061991.45178','FP,9501,1507061992.43545','FP,10536,1507061993.30012','FP,11263,1507061994.13578','FP,12032,1507061994.95197','FP,12624,1507061995.69928&quot,'FP,13229,1507061996.3353','FP,14136,1507061996.88537','FP,14327,1507061997.46883','FP,14714,1507061997.95202','FP,14714,1507061998.46927','FP,14714,1507061999.03572','FP,14714,1507061999.661','FP,14714,1507062000.30235','F,14820,1507062007.55089','P,14923,1507062008.83868','F,14923,1507062009.4672','F,15023,1507062010.13413','F,15096,1507062010.66776','F,15202,150706201110128','F,15325,1507062011.50077','F,15394,1507062011.85096','F,15445,1507062012.23203','F,15453,1507062012.73423','F,15471,1507062013.85113','F,15509,1507062015.61834']",A8074511-0CDE-402B-B117-44D267F5DEC1,2
"['FP,128,1507585529.33233','FP,453,1507585531.14836','FP,694,1507585531.89867','FP,1096,1507585532.63208','FP,1439,1507585533.29824','FP,1496,1507585533.98209','FP,1931,1507585534.68243&quot,'FP,2577,1507585535.42945','FP,3457,1507585536.11616','FP,3956,1507585536.78214','FP,4475,1507585537.49851','FP,4800,1507585538.20447','FP,5623,1507585538.86594','FP,5662,1507585539.53264&qot;,'FP,6015,1507585540.08236','FP,6539,1507585540.61553','FP,6914,1507585541.09875','FP,7504,1507585541.56548','FP,8345,1507585541.99941','FP,9041,1507585542.41561','FP,9089,1507585542.8307','FP,9491,1507585543.24743','FP,10536,1507585543.68283','FP,11255,1507585544.11578','FP,12023,1507585544.56412','FP,12620,1507585545.19995','FP,13238,1507585545.99918','FP,14143,150758546.67288','FP,14330,1507585547.44949','FP,14714,1507585548.1802','FP,14733,1507585549.69971','FP,14714,1507585550.31661']",895C556E-EA3E-474F-896E-4BCF1834ABC8,2
"['TF,0,1507642477.63007','TB,0,1507642480.18667','TF,0,1507642482.97111','TBP,0,1507642485.90663','B,209,1507642500.53022','B,2056,1507642620.47271','P,2466,1507642652.95702','C,246,1507642654.84122','P,2937,1507642684.39034','C,2937,1507642685.10501','P,7359,1507642945.59985','C,7359,1507642952.72296','B,8256,1507643006.31471','B,7920,1507643008.14873','P,9810,107643130.92707','C,9810,1507643242.43298','P,12647,1507643407.70021','C,12647,1507643419.8211','P,14905,1507643555.75613','C,14905,1507643883.76661']",580BB24D-9032-4D81-AE61-6F3EEDA856C3,2
"['BG,0,1507645282.39625','FG,0,1507645287.97811','P,50,1507645909.19672','C,50,1507645909.51379','B,77,1507645911.14715','B,209,1507645923.81894','F,19,1507645924.58261','F,27,150745925.29937','F,227,1507645925.96407','F,312,1507645926.46598','F,429,1507645927.04883','B,552,1507645927.63355','B,423,1507645927.93053','B,307,1507645928.16416','B,220,1507645928.3973','B,27,1507645928.63051','B,10,1507645928.8648','B,0,1507645929.14913','B,0,1507645929.36572','B,0,1507645929.59882','B,0,1507645929.88216','B,0,1507645930.14876','B,694,150745970.83361','B,552,1507645971.21861','F,439,1507645972.46688','B,2690,1507646097.87087','B,2577,1507646098.73722','B,3544,1507646159.22289','B,3281,1507646161.07232','B,2955,150764616182283','B,3575,1507646206.0257','B,5187,1507646307.77641','B,4901,1507646308.10822','B,7455,1507646465.91472','BG,0,1507646646.20944','FG,0,1507646650.18078','B,10232,1507646655.37489&qot;,'P,10440,1507646680.06307','C,10440,1507646680.97631','P,11935,1507646767.73179','C,11935,1507646767.929','P,14002,1507646889.43394','C,14002,1507646889.59904']",FFC452A9-74EA-4455-8521-5E7BFDB74D4F,1
"['TB,0,1507691906.45596','TF,0,1507691910.68805','TBP,0,1507691913.35742','TFP,0,1507691915.90688','TPC,0,1507691918.00553']",58F41389-7A88-4D7F-8D67-4329E5DCF7E9,2
,1ABD7E8C-2C98-49EC-A21B-DC52E89CFBDE,4
"['P,40,1507835641.32344','F,40,1507835642.08856','B,231,1507835643.33939','P,58,1507835645.80818','C,58,1507835646.35828','F,73,1507835646.9244','P,8740,1507836154.83994','C,8740,107836216.05372','P,8756,1507836217.00342','C,8756,1507836234.54849']",273F55B8-2032-48AD-B2B9-CD37ADED968D,3
,03CA4AF2-48AD-4896-96E1-39973794E3DE,1
"['TB,0,1508106436.6777','TB,0,1508106439.7923','TF,0,1508106442.24225','TPC,0,1508106445.5253','TPC,0,1508106447.15978','TBP,0,1508106449.07697','TFP,0,1508106451.21046']",BEB2E1D0-7318-45DA-AA64-79DD15167C91,3
"['TB,0,1508176948.28733','TF,0,1508176950.16921','TPC,0,1508176953.30404','TBP,0,1508176955.80496','TFP,0,1508176958.40565','FP,585,1508176994.543','FP,709,1508176996.31011','FP,116,1508176997.36002','FP,1439,1508176998.00978','FP,1496,1508176998.56004','FP,1925,1508176999.07682','FP,2564,1508176999.54353','FP,3450,1508177000.04467','FP,3956,1508177000.56024','FP4469,1508177001.0775','FP,4793,1508177001.57695','FP,5623,1508177002.06005','FP,5655,1508177002.54405','FP,6068,1508177006.92796','FP,6539,1508177007.49418','FP,6928,1508177008.76125','P,7504,1508177009.47835','FP,8354,1508177010.1615','FP,9041,1508177010.84513','FP,9097,1508177011.51119','FP,9491,1508177012.21404','FP,10536,1508177013.04309','FP,11263,1508177013.87856',&qot;FP,12032,1508177014.59683','FP,12624,1508177015.39545','FP,13238,1508177016.21217','FP,14143,1508177017.09546','FP,14330,1508177017.96014','FP,15089,1508177040.89685','F,15423,1508177060.88152','F,15453,1508177062.01497','F,15493,1508177063.78215']",3A72DDFE-7FA8-42D3-9EA3-37D1B8410E7B,2
"['F,268,1508259910.25883','BG,0,1508260389.17428','FG,0,1508260391.66789']",A31493FE-0129-4E44-B15B-04BF3D609351,2
"['TB,0,1508434186.35932','TF,0,1508434188.84411','TBP,0,1508434191.111','TFP,0,1508434193.66331','TBP,0,1508434196.09476','TPC,0,1508434198.8778','F,1433,1508434283.73288','B,1469,508434284.84958','B,4192,1508434449.625']",EE1B994B-4366-4225-98B7-7C0535C65773,2
"['TB,0,1508620752.76898','TF,0,1508620755.1164','TPC,0,1508620757.70024','TPC,0,1508620759.63511','TFP,0,1508620761.65194','TBP,0,1508620764.85197','P,3065,1508620947.82936','C,306,1508621060.95019','P,5216,1508621183.7244','C,5216,1508621224.19474','P,6135,1508621280.56342','C,6135,1508621395.20531','P,14179,1508621873.75388','C,14179,1508621876.18564','P,15130,508621931.99196','C,15130,1508621932.75773']",0E16B78A-119E-40E5-9406-38508C6641D5,1
[],8F0A0B42-F1BA-4C25-B573-E8168BA80019,2
"['TF,0,1508861254.11795','TB,0,1508861256.99918','TPC,0,1508861259.00112','TFP,0,1508861261.86877','TBP,0,1508861264.38632','P,10673,1508861899.16231','C,10673,1508861900.81371']",13665162-31ED-4D0A-B0E6-FB6738B04CC1,4
"['TPC,0,1509054948.47492','TPC,0,1509054951.33275','TF,0,1509054953.01862','TF,0,1509054955.95104','TF,0,1509054958.73407','TB,0,1509054961.31716','TFP,0,1509054963.2672','TBP,0,159054966.43435','B,1118,1509055033.20628','P,6889,1509055378.98728','C,6889,1509055380.21542','F,11380,1509055646.89548','F,11487,1509055653.45429','F,11812,1509055661.34345','P,12079,159055675.71148','C,12079,1509055677.13949','F,12295,1509055688.76194']",8F2E64AF-B254-4A18-8573-407D941F9EF9,2
"['TB,0,1509319046.32999','TF,0,1509319048.27738','TF,0,1509319050.71203','TPC,0,1509319053.04638','TPC,0,1509319055.38192','TFP,0,1509319057.08218','TBP,0,1509319060.30047','P,1086,1509319708.18753','C,10869,1509319709.25219']",1785A588-BAC1-431D-B91A-14C9A106762A,3
,AC76A6DE-96E0-4A1A-A6EA-45B7C922DF21,2
,AC76A6DE-96E0-4A1A-A6EA-45B7C922DF21,2
"['TF,0,1510202002.15471','TB,0,1510202004.9849','TBP,0,1510202008.32039','TFP,0,1510202011.38744','TPC,0,1510202013.5185']",26506490-163E-4461-97BC-005EBCB4D8C3,2
"['BG,0,1511890609.14938','FG,0,1511890611.14277','TB,0,1511890627.12657','TB,0,1511890629.44413','TF,0,1511890631.62714','TBP,0,1511890633.77861','TFP,0,1511890636.51195','TPC,0,151890638.69326','FP,3856,1511890865.41968','BP,4038,1511890871.05296']",AE562EE6-1CD9-496B-87D2-4100A83006FE,3
,1ABD7E8C-2C98-49EC-A21B-DC52E89CFBDE,4
,1ABD7E8C-2C98-49EC-A21B-DC52E89CFBDE,4
